customerID,gender,SeniorCitizen,tenure,PhoneService,InternetService,MonthlyCharges,TotalCharges,Churn
CUST00001,Female,0,7,Yes,Fiber optic,62.85,443.15,Yes
CUST00002,Male,0,62,No,DSL,97.45,6186.07,No
CUST00003,Female,0,5,Yes,Fiber optic,94.68,446.96,No
CUST00004,Male,1,6,No,DSL,87.75,574.8,Yes
CUST00005,Female,0,61,Yes,No,45.22,2188.85,No
CUST00006,Female,0,58,No,Fiber optic,56.78,3715.39,No
CUST00007,Male,0,38,No,No,61.94,2338.81,No
CUST00008,Female,0,9,Yes,No,63.8,526.09,No
CUST00009,Male,0,18,No,Fiber optic,78.08,1361.36,No
CUST00010,Female,0,69,No,DSL,62.26,4027.76,No
CUST00011,Male,1,22,Yes,DSL,22.36,349.51,No
CUST00012,Male,0,10,No,No,87.52,779.44,Yes
CUST00013,Male,0,21,Yes,DSL,73.1,1653.48,No
CUST00014,Male,0,1,No,Fiber optic,95.76,96.0,Yes
CUST00015,Female,1,55,No,No,83.85,4333.65,No
CUST00016,Male,0,41,Yes,DSL,91.96,,No
CUST00017,Male,0,10,Yes,DSL,77.38,725.43,Yes
CUST00018,Male,0,8,Yes,DSL,94.84,712.13,No
CUST00019,Female,0,1,No,DSL,67.58,75.66,No
CUST00020,Male,0,34,Yes,Fiber optic,61.34,2406.32,No
CUST00021,Female,0,14,No,DSL,90.92,1401.18,No
CUST00022,Female,0,22,Yes,Fiber optic,60.57,1428.59,No
CUST00023,Female,0,50,Yes,No,82.79,3817.98,No
CUST00024,Male,0,51,No,DSL,83.49,4295.6,No
CUST00025,Female,0,37,Yes,DSL,86.09,2937.74,No
CUST00026,Female,0,43,Yes,Fiber optic,78.66,3653.61,No
CUST00027,Male,1,43,Yes,DSL,64.31,2381.84,No
CUST00028,Male,0,18,No,Fiber optic,89.36,1711.67,No
CUST00029,Male,1,2,No,Fiber optic,62.47,107.61,No
CUST00030,Male,0,5,No,No,73.04,,No
CUST00031,Male,0,34,No,DSL,81.57,2773.95,No
CUST00032,Female,0,11,Yes,DSL,86.8,960.36,No
CUST00033,Female,1,55,No,Fiber optic,90.55,4484.37,Yes
CUST00034,Female,0,0,Yes,DSL,89.27,,Yes
CUST00035,Female,0,57,No,Fiber optic,56.81,3335.38,No
CUST00036,Female,0,8,Yes,DSL,71.44,556.6,Yes
CUST00037,Female,0,37,No,DSL,45.8,1644.61,No
CUST00038,Male,0,7,No,DSL,86.83,562.51,No
CUST00039,Female,0,66,No,Fiber optic,98.86,6945.88,No
CUST00040,Female,0,34,Yes,DSL,29.84,867.64,No
CUST00041,Male,0,0,No,DSL,104.05,,No
CUST00042,Female,0,23,Yes,DSL,88.51,2199.29,No
CUST00043,Female,0,48,No,Fiber optic,67.46,3120.7,No
CUST00044,Female,0,12,No,Fiber optic,91.97,,No
CUST00045,Male,1,5,No,Fiber optic,70.48,342.14,Yes
CUST00046,Male,1,65,Yes,Fiber optic,22.7,1517.72,No
CUST00047,Male,0,57,Yes,Fiber optic,90.5,5039.39,Yes
CUST00048,Male,1,15,Yes,DSL,77.44,1074.92,No
CUST00049,Female,1,70,Yes,DSL,32.59,2499.48,No
CUST00050,Male,0,67,Yes,No,43.73,3189.24,No
CUST00051,Female,0,10,Yes,Fiber optic,78.55,880.26,No
CUST00052,Female,1,65,Yes,Fiber optic,85.94,5587.69,No
CUST00053,Female,0,54,No,DSL,37.25,1695.74,No
CUST00054,Female,0,0,No,DSL,97.02,,Yes
CUST00055,Male,0,20,No,Fiber optic,27.35,587.03,No
CUST00056,Female,0,67,No,DSL,91.92,5915.56,No
CUST00057,Male,0,11,No,Fiber optic,64.28,788.72,No
CUST00058,Male,0,9,Yes,Fiber optic,71.92,684.45,Yes
CUST00059,Female,0,65,No,Fiber optic,78.29,,No
CUST00060,Male,0,24,No,Fiber optic,96.71,2206.21,Yes
CUST00061,Female,0,54,No,Fiber optic,61.94,3618.86,Yes
CUST00062,Male,0,6,No,Fiber optic,78.98,478.05,No
CUST00063,Male,0,25,Yes,No,85.39,2340.97,No
CUST00064,Female,0,10,Yes,No,82.6,768.48,No
CUST00065,Female,0,12,Yes,Fiber optic,71.85,844.82,No
CUST00066,Female,0,38,No,Fiber optic,71.53,2431.99,No
CUST00067,Female,0,55,Yes,DSL,76.47,4000.63,No
CUST00068,Female,0,37,No,Fiber optic,99.15,3922.6,Yes
CUST00069,Female,0,13,No,DSL,30.73,394.09,No
CUST00070,Male,1,16,No,DSL,84.02,1473.91,No
CUST00071,Female,1,51,Yes,Fiber optic,57.04,3202.65,No
CUST00072,Female,0,66,No,Fiber optic,87.34,5699.1,No
CUST00073,Female,1,71,Yes,DSL,59.84,4769.97,Yes
CUST00074,Female,0,33,No,Fiber optic,41.45,,No
CUST00075,Female,0,9,Yes,DSL,81.99,,Yes
CUST00076,Female,1,69,No,Fiber optic,67.1,4474.42,No
CUST00077,Male,0,68,No,DSL,97.69,6272.16,No
CUST00078,Female,0,68,Yes,DSL,32.08,2233.28,No
CUST00079,Male,0,1,No,DSL,109.48,117.55,Yes
CUST00080,Male,0,70,No,Fiber optic,95.41,6317.25,No
CUST00081,Female,1,6,Yes,No,97.71,569.75,Yes
CUST00082,Male,0,11,Yes,Fiber optic,107.31,1147.18,Yes
CUST00083,Male,1,39,Yes,DSL,53.18,2300.17,Yes
CUST00084,Male,0,36,No,DSL,26.63,886.18,No
CUST00085,Female,0,4,No,DSL,81.49,340.79,Yes
CUST00086,Female,0,68,Yes,DSL,62.3,3587.2,No
CUST00087,Female,0,5,No,Fiber optic,100.5,520.91,No
CUST00088,Male,0,5,No,DSL,86.75,454.53,Yes
CUST00089,Male,0,59,Yes,DSL,72.59,4422.62,No
CUST00090,Female,0,57,Yes,DSL,45.83,2202.99,No
CUST00091,Male,1,26,Yes,No,40.31,1083.3,No
CUST00092,Female,0,8,No,Fiber optic,70.95,536.59,Yes
CUST00093,Female,0,27,Yes,No,30.35,969.24,No
CUST00094,Male,0,12,Yes,DSL,59.38,714.68,No
CUST00095,Male,0,13,No,Fiber optic,55.33,786.47,Yes
CUST00096,Male,0,35,Yes,Fiber optic,81.28,3006.93,No
CUST00097,Male,1,2,Yes,Fiber optic,86.95,157.75,Yes
CUST00098,Female,0,6,Yes,Fiber optic,63.56,431.13,No
CUST00099,Male,1,54,Yes,Fiber optic,25.49,1824.56,Yes
CUST00100,Male,0,67,Yes,DSL,84.81,5367.2,No
CUST00101,Female,0,4,No,DSL,68.1,297.51,No
CUST00102,Female,1,2,Yes,Fiber optic,72.49,144.21,Yes
CUST00103,Female,0,11,No,DSL,90.77,988.59,Yes
CUST00104,Female,1,51,No,DSL,85.3,4832.38,Yes
CUST00105,Male,1,64,No,Fiber optic,91.0,5768.29,No
CUST00106,Female,0,37,No,DSL,50.71,2169.67,No
CUST00107,Female,0,50,No,Fiber optic,39.6,2034.99,No
CUST00108,Male,0,3,Yes,Fiber optic,86.39,239.97,No
CUST00109,Male,0,22,Yes,Fiber optic,96.83,2124.66,No
CUST00110,Female,1,0,No,Fiber optic,65.36,,No
CUST00111,Female,0,7,Yes,No,69.99,455.95,No
CUST00112,Male,0,62,Yes,Fiber optic,85.55,4921.13,No
CUST00113,Female,0,0,Yes,Fiber optic,61.92,,Yes
CUST00114,Male,0,12,Yes,Fiber optic,42.3,533.05,No
CUST00115,Male,0,44,No,DSL,95.65,3925.74,No
CUST00116,Female,0,12,No,No,76.84,865.32,No
CUST00117,Male,0,69,Yes,Fiber optic,51.28,3862.61,Yes
CUST00118,Female,0,54,Yes,DSL,78.43,4764.63,No
CUST00119,Female,0,40,No,DSL,76.95,3053.35,No
CUST00120,Male,0,63,Yes,No,77.87,5522.55,No
CUST00121,Female,0,69,No,DSL,53.95,3174.83,No
CUST00122,Female,0,58,No,Fiber optic,47.43,,No
CUST00123,Male,0,9,Yes,Fiber optic,62.05,506.34,No
CUST00124,Female,0,5,No,Fiber optic,67.72,315.11,No
CUST00125,Male,0,20,Yes,Fiber optic,65.45,1289.21,No
CUST00126,Male,0,39,No,Fiber optic,87.27,,No
CUST00127,Female,0,28,Yes,DSL,64.96,1825.82,No
CUST00128,Female,0,20,No,No,98.74,1845.93,No
CUST00129,Female,0,29,No,DSL,52.45,,No
CUST00130,Male,0,32,No,No,49.03,1531.0,No
CUST00131,Female,1,41,Yes,No,95.14,3672.84,Yes
CUST00132,Female,1,48,Yes,No,67.39,2986.55,Yes
CUST00133,Female,0,10,Yes,Fiber optic,73.74,716.11,Yes
CUST00134,Male,0,33,Yes,DSL,52.55,1727.27,No
CUST00135,Female,0,59,No,Fiber optic,64.92,3515.41,No
CUST00136,Female,1,3,Yes,DSL,106.35,348.86,Yes
CUST00137,Male,1,48,No,Fiber optic,55.93,2586.73,No
CUST00138,Male,0,42,No,Fiber optic,35.02,1758.16,No
CUST00139,Male,0,17,Yes,Fiber optic,36.8,466.51,Yes
CUST00140,Female,0,56,No,Fiber optic,79.27,4244.57,Yes
CUST00141,Female,1,36,No,Fiber optic,53.06,1969.85,No
CUST00142,Male,0,28,No,DSL,35.36,977.4,No
CUST00143,Female,1,71,No,DSL,57.37,3576.79,Yes
CUST00144,Female,0,9,No,Fiber optic,76.58,608.55,Yes
CUST00145,Male,0,65,Yes,Fiber optic,47.27,3414.49,No
CUST00146,Male,0,5,Yes,Fiber optic,107.93,507.85,Yes
CUST00147,Female,1,14,No,No,52.51,721.77,No
CUST00148,Male,0,4,Yes,DSL,73.88,286.63,Yes
CUST00149,Male,0,29,No,No,21.86,563.79,No
CUST00150,Female,0,2,No,DSL,82.16,157.31,Yes
CUST00151,Male,0,2,Yes,Fiber optic,98.2,189.7,Yes
CUST00152,Female,0,1,No,DSL,102.28,104.92,No
CUST00153,Male,0,43,Yes,DSL,96.7,4179.31,No
CUST00154,Male,0,28,Yes,No,59.42,1825.63,No
CUST00155,Female,0,53,No,Fiber optic,22.84,857.38,No
CUST00156,Female,0,31,No,Fiber optic,69.24,1877.4,No
CUST00157,Male,0,54,Yes,Fiber optic,27.13,1098.94,No
CUST00158,Male,0,15,No,DSL,26.09,306.51,No
CUST00159,Male,0,6,No,DSL,65.24,,No
CUST00160,Female,0,8,Yes,DSL,95.93,810.77,Yes
CUST00161,Female,0,63,No,DSL,21.21,1253.55,No
CUST00162,Male,0,47,Yes,Fiber optic,96.74,4575.31,Yes
CUST00163,Female,0,65,Yes,DSL,93.56,5718.1,No
CUST00164,Female,0,7,No,DSL,108.86,726.6,No
CUST00165,Male,0,9,No,Fiber optic,64.26,645.31,No
CUST00166,Male,0,19,No,Fiber optic,82.22,1653.38,No
CUST00167,Male,0,22,Yes,DSL,90.16,2043.28,No
CUST00168,Female,1,6,No,DSL,90.06,536.81,No
CUST00169,Male,0,6,Yes,DSL,80.51,528.93,No
CUST00170,Female,0,3,No,No,105.33,300.1,No
CUST00171,Female,1,13,Yes,Fiber optic,47.15,658.61,No
CUST00172,Male,0,7,Yes,Fiber optic,70.05,526.94,Yes
CUST00173,Male,0,11,Yes,DSL,81.81,805.24,Yes
CUST00174,Male,0,1,No,DSL,79.68,72.38,Yes
CUST00175,Female,0,42,Yes,Fiber optic,27.37,1450.45,No
CUST00176,Male,0,64,No,DSL,57.56,3773.04,No
CUST00177,Male,0,49,No,Fiber optic,97.97,4459.55,No
CUST00178,Female,0,32,Yes,Fiber optic,24.77,572.52,No
CUST00179,Female,0,3,No,DSL,70.66,182.46,Yes
CUST00180,Male,0,12,Yes,Fiber optic,68.34,708.66,No
CUST00181,Male,1,61,No,DSL,53.03,3255.58,No
CUST00182,Female,0,55,No,Fiber optic,67.85,3651.91,No
CUST00183,Female,0,40,No,Fiber optic,90.5,3949.88,No
CUST00184,Female,0,3,No,Fiber optic,105.58,319.88,Yes
CUST00185,Male,0,68,No,DSL,99.99,7025.28,No
CUST00186,Male,1,7,Yes,DSL,97.99,655.43,No
CUST00187,Male,1,16,Yes,DSL,67.13,1123.61,Yes
CUST00188,Male,1,24,No,No,93.1,2156.31,Yes
CUST00189,Male,1,27,No,No,29.17,667.98,No
CUST00190,Female,0,66,Yes,Fiber optic,51.71,3081.01,No
CUST00191,Female,0,37,No,DSL,59.78,1932.73,No
CUST00192,Male,0,9,No,DSL,87.17,762.13,No
CUST00193,Male,0,24,No,DSL,50.18,1111.15,No
CUST00194,Male,0,57,No,Fiber optic,21.36,880.25,Yes
CUST00195,Male,1,62,No,No,82.7,5177.44,Yes
CUST00196,Female,0,19,Yes,No,46.36,,No
CUST00197,Female,1,1,No,DSL,72.12,80.7,No
CUST00198,Male,1,46,No,DSL,59.37,3099.19,No
CUST00199,Female,0,34,Yes,Fiber optic,73.2,2527.92,Yes
CUST00200,Female,0,22,No,DSL,24.98,527.58,No
CUST00201,Female,0,1,No,DSL,72.72,79.54,No
CUST00202,Female,1,39,Yes,DSL,41.72,1796.96,No
CUST00203,Male,0,46,No,No,35.13,1643.84,No
CUST00204,Male,0,3,No,Fiber optic,69.88,226.7,No
CUST00205,Male,0,1,Yes,DSL,78.95,73.32,No
CUST00206,Female,0,16,Yes,Fiber optic,86.46,1464.04,No
CUST00207,Female,0,11,Yes,No,89.86,1032.95,No
CUST00208,Male,0,66,No,Fiber optic,86.25,5501.5,Yes
CUST00209,Female,0,44,Yes,Fiber optic,83.75,3564.08,Yes
CUST00210,Male,1,39,No,DSL,63.57,,Yes
CUST00211,Female,0,67,Yes,Fiber optic,59.43,4345.42,Yes
CUST00212,Male,1,0,Yes,DSL,67.38,,No
CUST00213,Female,1,7,No,DSL,96.34,697.98,No
CUST00214,Male,0,47,No,DSL,35.87,1322.46,No
CUST00215,Female,0,11,Yes,DSL,98.58,1073.72,No
CUST00216,Male,0,0,No,DSL,86.07,,Yes
CUST00217,Female,0,5,Yes,Fiber optic,103.29,545.85,Yes
CUST00218,Male,0,11,Yes,DSL,80.63,836.51,No
CUST00219,Male,1,3,No,DSL,109.31,308.57,Yes
CUST00220,Male,0,12,Yes,Fiber optic,60.07,625.17,No
CUST00221,Female,0,57,Yes,DSL,53.62,3056.17,No
CUST00222,Male,0,7,Yes,No,69.82,472.83,No
CUST00223,Male,1,8,No,DSL,68.29,518.74,Yes
CUST00224,Female,0,53,Yes,DSL,41.89,2294.3,No
CUST00225,Male,0,10,Yes,No,75.93,773.02,Yes
CUST00226,Male,0,30,No,Fiber optic,76.21,2542.89,No
CUST00227,Female,1,6,No,No,65.17,443.67,No
CUST00228,Female,0,0,No,Fiber optic,102.64,,Yes
CUST00229,Male,0,25,No,Fiber optic,68.55,1826.96,Yes
CUST00230,Female,0,42,No,DSL,45.64,1581.03,No
CUST00231,Male,0,53,Yes,DSL,97.84,5067.91,No
CUST00232,Male,0,12,Yes,DSL,89.05,972.36,No
CUST00233,Male,0,12,Yes,No,99.27,1300.62,No
CUST00234,Female,0,12,Yes,Fiber optic,73.64,995.44,No
CUST00235,Male,0,69,No,DSL,59.3,4213.83,No
CUST00236,Male,0,68,No,Fiber optic,94.34,7044.3,No
CUST00237,Female,0,3,No,DSL,87.4,240.55,No
CUST00238,Female,0,5,Yes,No,90.31,471.99,Yes
CUST00239,Male,0,60,Yes,No,72.54,4503.59,No
CUST00240,Male,1,12,No,DSL,35.45,401.46,No
CUST00241,Female,0,48,Yes,Fiber optic,23.89,1618.52,No
CUST00242,Male,1,67,No,DSL,25.1,1839.59,No
CUST00243,Male,0,51,Yes,DSL,54.49,2813.88,No
CUST00244,Female,0,9,Yes,Fiber optic,99.99,901.51,Yes
CUST00245,Female,0,44,No,DSL,49.59,2364.82,No
CUST00246,Male,0,5,Yes,Fiber optic,103.62,535.57,Yes
CUST00247,Female,1,26,No,DSL,90.19,2521.1,Yes
CUST00248,Male,0,7,Yes,DSL,98.42,698.59,Yes
CUST00249,Male,0,19,Yes,Fiber optic,99.44,1856.04,No
CUST00250,Male,0,0,No,DSL,64.25,,No
CUST00251,Female,0,9,No,No,104.98,955.87,Yes
CUST00252,Male,0,7,Yes,No,60.15,443.26,No
CUST00253,Male,0,44,Yes,Fiber optic,24.07,795.0,No
CUST00254,Male,1,28,Yes,DSL,74.04,2184.29,No
CUST00255,Male,0,0,No,DSL,77.15,,No
CUST00256,Female,0,48,Yes,Fiber optic,93.16,4681.6,No
CUST00257,Male,1,69,No,DSL,96.45,6339.24,No
CUST00258,Male,0,31,Yes,DSL,28.9,840.22,No
CUST00259,Male,0,2,No,Fiber optic,88.71,169.03,No
CUST00260,Male,0,24,Yes,DSL,42.35,999.34,No
CUST00261,Male,1,44,Yes,Fiber optic,72.87,3506.29,Yes
CUST00262,Female,0,0,No,DSL,98.6,,Yes
CUST00263,Female,0,7,No,DSL,81.15,528.29,Yes
CUST00264,Female,0,47,Yes,No,95.54,4392.45,No
CUST00265,Male,0,12,No,Fiber optic,90.66,1111.22,Yes
CUST00266,Male,0,30,Yes,DSL,49.56,1724.08,No
CUST00267,Female,0,7,No,DSL,109.48,697.18,Yes
CUST00268,Male,1,29,No,DSL,29.71,1129.31,No
CUST00269,Male,1,11,Yes,DSL,63.17,777.58,No
CUST00270,Male,0,36,Yes,DSL,69.3,2843.93,No
CUST00271,Male,0,11,Yes,No,76.13,733.31,Yes
CUST00272,Male,0,18,Yes,No,49.68,791.8,No
CUST00273,Male,0,58,Yes,Fiber optic,38.79,2521.77,No
CUST00274,Male,0,12,Yes,No,98.83,,No
CUST00275,Female,1,3,Yes,DSL,79.3,266.95,Yes
CUST00276,Male,0,13,No,Fiber optic,38.94,612.78,No
CUST00277,Female,0,8,Yes,No,88.42,761.89,Yes
CUST00278,Male,1,12,Yes,DSL,30.1,469.01,No
CUST00279,Male,0,24,No,Fiber optic,86.55,1911.67,Yes
CUST00280,Female,0,36,No,DSL,88.92,3347.1,No
CUST00281,Female,1,0,Yes,Fiber optic,81.52,,Yes
CUST00282,Female,0,2,Yes,No,89.39,193.76,Yes
CUST00283,Female,0,27,No,Fiber optic,38.3,886.15,No
CUST00284,Male,1,1,No,Fiber optic,82.83,84.72,No
CUST00285,Female,1,55,Yes,Fiber optic,80.17,4258.61,Yes
CUST00286,Male,0,9,No,DSL,94.6,866.68,Yes
CUST00287,Female,1,56,No,Fiber optic,42.16,2222.92,No
CUST00288,Female,0,12,No,Fiber optic,81.68,968.46,No
CUST00289,Male,0,13,Yes,DSL,29.68,262.99,No
CUST00290,Female,0,65,No,Fiber optic,75.71,4581.6,No
CUST00291,Female,0,29,Yes,DSL,84.3,2513.82,No
CUST00292,Male,0,66,No,DSL,65.89,3878.88,No
CUST00293,Female,0,1,No,No,107.36,,No
CUST00294,Male,0,1,Yes,Fiber optic,94.67,98.13,No
CUST00295,Male,1,53,Yes,Fiber optic,66.75,3676.09,No
CUST00296,Male,0,3,No,Fiber optic,66.74,216.5,No
CUST00297,Male,0,9,No,DSL,95.06,811.61,No
CUST00298,Male,0,31,Yes,Fiber optic,69.61,2268.7,No
CUST00299,Male,0,8,No,DSL,72.7,576.8,No
CUST00300,Male,1,54,Yes,DSL,91.6,5098.21,Yes
CUST00301,Male,0,18,Yes,Fiber optic,63.2,1047.66,Yes
CUST00302,Male,0,31,No,Fiber optic,27.07,810.11,No
CUST00303,Female,1,35,Yes,Fiber optic,34.63,978.65,Yes
CUST00304,Female,1,0,No,No,75.85,,Yes
CUST00305,Female,0,32,No,DSL,89.6,2611.21,No
CUST00306,Female,0,1,No,Fiber optic,81.52,84.72,Yes
CUST00307,Male,0,2,Yes,Fiber optic,68.36,152.28,Yes
CUST00308,Female,1,52,Yes,Fiber optic,31.14,1377.92,Yes
CUST00309,Female,0,47,No,DSL,29.99,1380.13,No
CUST00310,Male,0,12,Yes,Fiber optic,97.2,1190.18,No
CUST00311,Female,0,6,Yes,DSL,107.23,588.13,No
CUST00312,Female,0,12,Yes,DSL,29.18,369.29,No
CUST00313,Male,0,24,Yes,Fiber optic,84.16,2031.96,No
CUST00314,Male,0,39,No,DSL,61.49,2126.92,No
CUST00315,Female,0,52,Yes,DSL,82.75,,No
CUST00316,Male,0,5,Yes,DSL,99.07,531.17,No
CUST00317,Male,0,1,Yes,No,100.8,93.48,Yes
CUST00318,Female,0,18,Yes,DSL,31.1,437.43,No
CUST00319,Male,0,58,No,Fiber optic,21.14,1712.89,Yes
CUST00320,Male,0,59,No,Fiber optic,69.85,4390.32,No
CUST00321,Female,0,32,Yes,Fiber optic,77.79,2793.88,No
CUST00322,Male,0,16,No,Fiber optic,38.96,624.33,No
CUST00323,Female,1,45,Yes,DSL,67.17,,No
CUST00324,Female,0,3,No,Fiber optic,70.89,231.84,Yes
CUST00325,Female,1,9,Yes,DSL,104.34,851.17,No
CUST00326,Male,0,23,No,No,33.67,616.95,No
CUST00327,Female,0,1,Yes,DSL,70.76,70.65,Yes
CUST00328,Female,1,23,No,DSL,55.31,1310.48,No
CUST00329,Male,0,5,Yes,No,101.02,512.05,Yes
CUST00330,Female,0,14,Yes,DSL,76.32,1176.9,No
CUST00331,Male,0,1,No,Fiber optic,73.77,73.48,Yes
CUST00332,Male,0,42,Yes,No,69.75,2582.87,No
CUST00333,Male,1,6,Yes,DSL,77.12,435.49,Yes
CUST00334,Female,0,16,Yes,Fiber optic,49.18,852.56,No
CUST00335,Male,0,12,No,No,59.95,783.72,No
CUST00336,Male,0,11,Yes,Fiber optic,107.4,1123.89,No
CUST00337,Male,0,7,Yes,Fiber optic,104.34,690.37,Yes
CUST00338,Female,0,66,No,Fiber optic,26.86,1942.82,No
CUST00339,Female,1,48,Yes,No,90.55,4185.37,Yes
CUST00340,Female,1,8,No,No,70.08,497.33,Yes
CUST00341,Male,0,36,Yes,No,55.66,1898.29,No
CUST00342,Female,0,4,No,DSL,87.34,356.17,Yes
CUST00343,Female,0,65,Yes,No,72.81,4931.34,No
CUST00344,Male,0,2,No,Fiber optic,60.68,128.66,No
CUST00345,Female,1,47,Yes,DSL,77.48,3787.88,No
CUST00346,Male,0,12,Yes,DSL,84.56,910.72,No
CUST00347,Male,0,62,No,DSL,24.17,1782.81,No
CUST00348,Male,0,1,Yes,Fiber optic,104.19,96.65,Yes
CUST00349,Female,0,0,Yes,DSL,104.3,,No
CUST00350,Male,0,56,Yes,Fiber optic,56.26,3300.0,No
CUST00351,Female,1,9,No,Fiber optic,70.24,619.9,Yes
CUST00352,Female,0,31,Yes,DSL,91.04,2904.96,No
CUST00353,Female,0,10,No,DSL,72.62,697.73,Yes
CUST00354,Female,0,51,Yes,Fiber optic,26.66,1289.86,No
CUST00355,Female,0,23,Yes,DSL,69.86,1534.55,No
CUST00356,Female,1,22,No,DSL,36.62,915.71,No
CUST00357,Male,0,72,No,DSL,70.69,4388.73,No
CUST00358,Male,0,4,Yes,DSL,69.7,261.78,No
CUST00359,Male,1,50,Yes,DSL,49.1,2543.75,No
CUST00360,Male,0,47,No,No,44.12,1715.73,No
CUST00361,Female,0,5,No,No,70.72,381.01,No
CUST00362,Male,0,7,No,DSL,73.54,555.91,No
CUST00363,Male,0,42,No,Fiber optic,99.21,4568.71,No
CUST00364,Female,0,4,No,DSL,86.71,370.01,No
CUST00365,Male,0,12,No,Fiber optic,54.92,746.01,No
CUST00366,Male,0,4,No,DSL,65.93,,No
CUST00367,Female,0,27,No,DSL,53.57,1641.07,No
CUST00368,Male,1,10,No,No,75.08,816.63,Yes
CUST00369,Female,0,6,No,Fiber optic,87.88,,No
CUST00370,Female,0,5,No,Fiber optic,83.96,448.22,Yes
CUST00371,Male,0,30,No,Fiber optic,39.02,1163.9,No
CUST00372,Female,0,2,No,Fiber optic,104.27,228.01,No
CUST00373,Male,0,40,Yes,Fiber optic,67.89,2721.49,No
CUST00374,Male,0,56,Yes,No,48.61,2459.86,No
CUST00375,Female,0,12,Yes,Fiber optic,42.88,579.86,No
CUST00376,Male,1,48,Yes,DSL,88.01,4161.43,No
CUST00377,Male,1,6,No,DSL,100.77,565.78,No
CUST00378,Male,0,60,Yes,DSL,93.07,5950.83,No
CUST00379,Female,0,68,Yes,DSL,27.64,,No
CUST00380,Female,0,19,Yes,No,70.56,1428.39,No
CUST00381,Male,0,14,No,Fiber optic,55.63,795.72,No
CUST00382,Female,0,31,Yes,DSL,23.25,927.62,No
CUST00383,Male,0,37,No,Fiber optic,72.58,2895.05,Yes
CUST00384,Male,0,71,No,No,63.95,5179.49,No
CUST00385,Female,0,21,No,No,69.31,1355.28,No
CUST00386,Male,0,19,No,DSL,82.22,1498.37,No
CUST00387,Male,0,22,No,Fiber optic,75.24,1485.07,Yes
CUST00388,Male,0,9,Yes,DSL,85.06,826.98,No
CUST00389,Male,0,20,Yes,DSL,68.23,1371.68,No
CUST00390,Male,0,19,Yes,Fiber optic,84.13,1603.86,No
CUST00391,Female,0,43,Yes,DSL,90.72,3733.98,No
CUST00392,Male,1,39,Yes,DSL,97.34,3572.0,No
CUST00393,Male,1,19,Yes,No,65.41,1137.45,No
CUST00394,Female,0,12,No,DSL,73.2,767.9,No
CUST00395,Female,0,5,Yes,No,88.78,409.61,No
CUST00396,Female,1,9,No,Fiber optic,66.85,670.95,No
CUST00397,Female,0,16,Yes,Fiber optic,96.86,1628.99,No
CUST00398,Female,0,36,No,Fiber optic,81.24,3173.71,No
CUST00399,Male,0,20,No,No,28.69,548.53,No
CUST00400,Female,0,5,Yes,Fiber optic,66.89,331.44,No
CUST00401,Female,1,36,Yes,DSL,55.51,1658.44,No
CUST00402,Female,0,42,No,DSL,66.18,2998.27,No
CUST00403,Male,0,65,No,DSL,74.69,4910.97,No
CUST00404,Male,0,9,No,No,88.93,853.39,Yes
CUST00405,Male,1,1,Yes,No,81.65,,Yes
CUST00406,Male,1,39,No,Fiber optic,74.99,2606.0,No
CUST00407,Female,0,7,No,No,69.75,522.38,No
CUST00408,Male,1,67,No,No,49.47,3015.42,No
CUST00409,Male,0,2,Yes,Fiber optic,67.94,145.14,No
CUST00410,Male,0,50,No,DSL,60.19,2691.15,No
CUST00411,Male,0,69,No,Fiber optic,22.23,1507.85,No
CUST00412,Female,0,63,No,Fiber optic,73.5,4832.12,Yes
CUST00413,Female,0,2,No,Fiber optic,106.89,228.28,Yes
CUST00414,Female,1,10,No,DSL,81.05,891.94,Yes
CUST00415,Female,0,22,No,DSL,77.39,1893.38,No
CUST00416,Female,1,48,No,No,48.43,2518.77,Yes
CUST00417,Male,0,17,Yes,Fiber optic,37.94,530.82,No
CUST00418,Male,1,33,Yes,Fiber optic,41.89,1394.44,Yes
CUST00419,Male,0,4,Yes,No,84.17,311.83,Yes
CUST00420,Male,0,69,No,DSL,35.16,2102.32,No
CUST00421,Male,0,12,No,Fiber optic,84.35,960.17,No
CUST00422,Male,0,6,Yes,Fiber optic,93.18,,No
CUST00423,Male,0,1,Yes,Fiber optic,95.11,100.22,No
CUST00424,Male,0,27,No,Fiber optic,69.41,1808.19,No
CUST00425,Female,0,69,Yes,DSL,29.56,2719.02,No
CUST00426,Male,0,62,No,DSL,45.59,2216.54,No
CUST00427,Male,0,8,Yes,DSL,100.17,821.34,No
CUST00428,Female,0,35,No,Fiber optic,68.52,,No
CUST00429,Female,0,11,Yes,DSL,108.62,1198.44,Yes
CUST00430,Male,1,58,No,Fiber optic,20.79,1493.12,Yes
CUST00431,Male,0,2,Yes,No,67.14,126.32,No
CUST00432,Female,0,28,Yes,DSL,95.29,,No
CUST00433,Female,0,1,Yes,No,93.09,87.53,Yes
CUST00434,Male,0,7,Yes,Fiber optic,66.55,449.37,No
CUST00435,Male,1,59,Yes,Fiber optic,65.2,4070.64,No
CUST00436,Female,1,37,No,Fiber optic,42.92,1344.67,No
CUST00437,Male,0,6,No,Fiber optic,61.03,347.13,No
CUST00438,Male,0,24,No,DSL,51.79,1324.75,No
CUST00439,Female,0,12,No,DSL,99.65,1205.81,No
CUST00440,Female,0,36,Yes,DSL,72.8,2949.38,No
CUST00441,Male,0,59,Yes,Fiber optic,63.77,3485.74,Yes
CUST00442,Male,1,10,Yes,DSL,106.52,,Yes
CUST00443,Male,0,48,Yes,DSL,46.53,2316.35,No
CUST00444,Male,0,21,Yes,DSL,93.53,1778.48,No
CUST00445,Male,0,68,No,DSL,53.76,3112.07,No
CUST00446,Male,0,5,No,DSL,104.89,483.87,Yes
CUST00447,Female,0,3,Yes,DSL,67.95,188.39,No
CUST00448,Female,0,2,Yes,DSL,82.88,168.9,Yes
CUST00449,Male,0,16,Yes,Fiber optic,21.24,482.04,No
CUST00450,Male,0,55,Yes,DSL,85.18,4451.35,No
CUST00451,Female,0,12,No,No,54.71,644.77,No
CUST00452,Male,0,3,Yes,DSL,64.07,182.21,No
CUST00453,Female,1,21,No,Fiber optic,48.14,1045.49,No
CUST00454,Female,0,6,Yes,DSL,95.1,519.87,No
CUST00455,Male,0,35,No,No,47.9,1389.84,No
CUST00456,Female,0,17,No,Fiber optic,25.48,372.58,No
CUST00457,Male,0,5,Yes,Fiber optic,75.41,424.46,No
CUST00458,Female,0,53,Yes,Fiber optic,80.39,3944.6,No
CUST00459,Male,0,59,No,Fiber optic,26.32,1759.06,No
CUST00460,Male,0,7,No,Fiber optic,99.08,728.87,Yes
CUST00461,Female,0,42,No,Fiber optic,81.81,3623.62,No
CUST00462,Female,1,64,No,Fiber optic,58.28,3502.62,Yes
CUST00463,Male,0,45,Yes,Fiber optic,42.52,2177.38,No
CUST00464,Male,0,32,No,DSL,55.44,1823.83,No
CUST00465,Female,0,9,Yes,No,93.92,799.95,Yes
CUST00466,Male,1,18,Yes,DSL,96.92,1640.54,No
CUST00467,Female,0,6,No,No,84.0,490.96,Yes
CUST00468,Male,0,9,Yes,DSL,102.05,,Yes
CUST00469,Female,0,51,No,DSL,64.2,3542.38,No
CUST00470,Female,0,42,No,DSL,38.87,1847.11,No
CUST00471,Female,0,11,Yes,Fiber optic,80.6,961.61,Yes
CUST00472,Female,0,37,No,DSL,36.45,1017.74,No
CUST00473,Male,1,31,Yes,No,31.5,1218.48,No
CUST00474,Male,1,67,Yes,DSL,55.11,3299.74,No
CUST00475,Female,0,4,Yes,DSL,72.48,288.35,Yes
CUST00476,Female,0,59,No,Fiber optic,71.05,4498.49,Yes
CUST00477,Male,1,5,Yes,Fiber optic,65.79,356.25,No
CUST00478,Male,0,2,Yes,Fiber optic,66.7,149.58,Yes
CUST00479,Male,0,28,No,DSL,63.43,1988.47,No
CUST00480,Male,1,10,Yes,No,87.36,799.32,Yes
CUST00481,Female,0,2,No,DSL,66.72,123.02,No
CUST00482,Male,0,4,Yes,Fiber optic,63.83,262.84,No
CUST00483,Female,0,35,Yes,Fiber optic,95.93,3551.21,No
CUST00484,Female,0,15,Yes,DSL,62.18,877.87,No
CUST00485,Female,0,14,Yes,DSL,53.52,715.67,No
CUST00486,Female,0,3,Yes,DSL,102.26,317.16,Yes
CUST00487,Female,0,21,Yes,Fiber optic,39.41,834.6,Yes
CUST00488,Male,0,6,No,Fiber optic,99.43,630.74,Yes
CUST00489,Female,0,47,Yes,No,54.77,2922.97,No
CUST00490,Female,0,44,No,Fiber optic,36.76,1345.81,No
CUST00491,Male,0,1,Yes,DSL,101.25,108.56,No
CUST00492,Male,0,52,No,DSL,46.39,2677.48,No
CUST00493,Male,0,37,Yes,DSL,67.71,2855.59,No
CUST00494,Female,1,5,Yes,DSL,60.34,297.39,No
CUST00495,Female,1,49,No,Fiber optic,96.02,5162.06,Yes
CUST00496,Female,0,4,Yes,DSL,102.33,428.62,No
CUST00497,Male,0,1,No,Fiber optic,99.8,92.6,Yes
CUST00498,Male,0,11,Yes,DSL,100.46,1042.82,No
CUST00499,Male,0,4,No,DSL,67.41,230.78,No
CUST00500,Female,1,12,Yes,No,35.2,500.96,No
CUST00501,Male,0,3,No,Fiber optic,72.87,210.29,No
CUST00502,Male,0,2,Yes,No,88.11,178.95,No
CUST00503,Male,0,24,Yes,DSL,76.19,1824.53,No
CUST00504,Female,0,59,Yes,DSL,93.06,5132.06,No
CUST00505,Male,0,39,Yes,Fiber optic,61.45,2663.81,No
CUST00506,Female,0,4,Yes,Fiber optic,105.27,405.0,Yes
CUST00507,Male,0,1,No,No,90.63,99.58,No
CUST00508,Female,0,4,Yes,Fiber optic,77.86,327.34,Yes
CUST00509,Male,0,38,No,Fiber optic,80.47,3191.19,No
CUST00510,Male,0,47,No,DSL,68.38,3550.83,No
CUST00511,Female,0,68,Yes,Fiber optic,42.91,2871.51,Yes
CUST00512,Female,0,8,No,DSL,77.52,678.85,No
CUST00513,Female,0,32,No,No,85.15,2490.85,No
CUST00514,Male,0,71,Yes,DSL,39.9,2328.94,No
CUST00515,Male,0,64,No,DSL,44.06,3192.79,No
CUST00516,Female,1,26,Yes,DSL,37.67,1161.71,No
CUST00517,Male,0,37,Yes,Fiber optic,55.41,1854.96,No
CUST00518,Female,1,14,No,DSL,37.65,498.74,Yes
CUST00519,Male,0,59,Yes,Fiber optic,77.26,4269.22,No
CUST00520,Male,0,48,No,Fiber optic,92.38,4023.54,No
CUST00521,Female,0,36,No,Fiber optic,53.72,1862.12,No
CUST00522,Male,0,6,Yes,DSL,66.22,346.72,No
CUST00523,Male,0,27,No,DSL,67.1,1999.04,No
CUST00524,Male,0,0,No,No,102.41,,Yes
CUST00525,Male,0,21,Yes,Fiber optic,93.79,2022.59,No
CUST00526,Male,0,6,No,DSL,88.81,490.26,Yes
CUST00527,Female,1,33,Yes,No,29.21,832.7,Yes
CUST00528,Male,0,69,Yes,DSL,30.75,2376.4,No
CUST00529,Female,0,71,No,Fiber optic,70.11,4982.57,No
CUST00530,Female,0,71,No,Fiber optic,46.94,3802.68,No
CUST00531,Male,0,12,No,DSL,36.78,516.14,No
CUST00532,Female,0,8,No,No,109.25,873.61,Yes
CUST00533,Female,0,0,Yes,No,72.12,,Yes
CUST00534,Female,0,59,No,Fiber optic,63.41,4215.41,No
CUST00535,Male,0,35,No,Fiber optic,49.84,1511.42,Yes
CUST00536,Female,0,3,No,No,105.58,319.14,Yes
CUST00537,Male,0,11,No,Fiber optic,76.64,837.74,No
CUST00538,Male,0,14,No,Fiber optic,32.37,582.25,No
CUST00539,Female,1,4,Yes,No,107.75,424.13,No
CUST00540,Female,0,62,Yes,Fiber optic,64.71,3619.72,No
CUST00541,Female,0,19,Yes,Fiber optic,88.03,1833.59,No
CUST00542,Female,0,2,No,No,105.46,219.15,No
CUST00543,Female,0,56,Yes,No,63.33,3692.41,No
CUST00544,Male,0,43,No,Fiber optic,54.89,2665.06,No
CUST00545,Female,1,16,Yes,No,56.19,943.43,No
CUST00546,Male,0,2,Yes,DSL,92.92,181.01,No
CUST00547,Male,1,64,Yes,DSL,89.69,5852.36,No
CUST00548,Female,0,14,No,No,33.88,349.36,No
CUST00549,Male,1,8,Yes,No,108.37,805.11,No
CUST00550,Male,0,9,Yes,Fiber optic,109.29,984.94,No
CUST00551,Female,0,57,No,Fiber optic,23.94,1744.97,Yes
CUST00552,Male,0,68,No,No,89.92,5693.03,No
CUST00553,Female,0,12,No,DSL,43.03,426.37,No
CUST00554,Male,0,49,Yes,No,36.96,1956.22,No
CUST00555,Female,0,19,Yes,No,88.16,1823.81,No
CUST00556,Female,0,39,No,Fiber optic,79.04,3427.66,Yes
CUST00557,Female,0,14,No,No,35.18,618.87,No
CUST00558,Female,0,23,No,DSL,65.78,1411.57,No
CUST00559,Male,0,6,Yes,Fiber optic,102.69,642.35,Yes
CUST00560,Female,0,66,No,DSL,64.14,3974.37,No
CUST00561,Female,0,8,Yes,Fiber optic,91.43,716.8,Yes
CUST00562,Male,0,21,Yes,Fiber optic,56.73,1032.92,No
CUST00563,Male,0,6,Yes,Fiber optic,85.34,509.35,Yes
CUST00564,Male,0,0,Yes,DSL,106.56,,Yes
CUST00565,Female,0,36,Yes,DSL,64.03,2449.75,No
CUST00566,Female,0,8,No,DSL,91.51,697.87,Yes
CUST00567,Female,0,35,No,DSL,91.21,3089.97,No
CUST00568,Female,0,4,Yes,Fiber optic,86.27,348.75,No
CUST00569,Male,0,48,No,Fiber optic,27.77,1805.74,No
CUST00570,Female,0,9,No,Fiber optic,96.13,916.33,Yes
CUST00571,Female,0,44,No,DSL,46.42,,No
CUST00572,Male,0,62,No,No,89.47,5370.86,No
CUST00573,Male,1,11,Yes,No,67.32,815.01,No
CUST00574,Male,0,30,Yes,DSL,48.15,1485.24,No
CUST00575,Female,1,2,Yes,No,102.08,210.58,Yes
CUST00576,Male,0,59,Yes,DSL,48.07,2909.8,No
CUST00577,Female,0,10,No,No,94.1,953.76,Yes
CUST00578,Male,1,0,No,No,108.96,,Yes
CUST00579,Female,0,23,No,Fiber optic,86.75,2035.63,No
CUST00580,Female,1,4,No,DSL,76.96,282.49,No
CUST00581,Male,1,66,No,Fiber optic,97.63,6823.94,No
CUST00582,Female,0,54,No,DSL,55.31,3068.61,No
CUST00583,Male,0,52,Yes,Fiber optic,22.27,1342.87,No
CUST00584,Female,0,51,No,Fiber optic,24.14,,No
CUST00585,Male,0,20,Yes,DSL,58.39,1179.17,No
CUST00586,Male,1,6,No,Fiber optic,92.9,573.91,No
CUST00587,Male,1,3,Yes,DSL,77.76,229.62,No
CUST00588,Female,0,17,Yes,DSL,49.27,677.47,No
CUST00589,Female,0,1,No,No,76.16,76.03,No
CUST00590,Male,0,43,No,Fiber optic,56.45,2822.08,Yes
CUST00591,Male,0,5,No,Fiber optic,77.54,382.61,No
CUST00592,Male,0,35,No,DSL,33.65,875.02,No
CUST00593,Male,1,5,Yes,DSL,97.56,464.65,Yes
CUST00594,Male,0,33,No,Fiber optic,60.93,2187.27,Yes
CUST00595,Male,1,15,No,DSL,38.35,620.09,No
CUST00596,Male,0,10,Yes,No,72.67,723.1,Yes
CUST00597,Male,0,43,No,Fiber optic,89.29,3946.4,No
CUST00598,Female,0,8,No,DSL,108.05,888.52,Yes
CUST00599,Male,1,9,Yes,Fiber optic,63.75,574.38,Yes
CUST00600,Female,0,39,Yes,Fiber optic,53.55,2350.98,Yes
CUST00601,Male,0,24,Yes,DSL,67.41,1552.16,No
CUST00602,Female,0,38,Yes,No,36.3,1065.06,No
CUST00603,Female,0,48,No,DSL,58.87,3159.14,No
CUST00604,Female,0,4,No,DSL,68.73,295.43,No
CUST00605,Female,1,52,Yes,DSL,91.05,4725.67,No
CUST00606,Male,0,21,Yes,DSL,20.28,284.35,No
CUST00607,Male,0,37,No,DSL,35.98,963.86,No
CUST00608,Male,0,22,No,No,65.88,1427.57,No
CUST00609,Male,0,36,No,Fiber optic,32.36,1446.16,No
CUST00610,Male,1,16,Yes,No,95.87,1578.28,No
CUST00611,Female,0,46,Yes,Fiber optic,38.68,1389.91,Yes
CUST00612,Female,0,58,No,Fiber optic,95.58,4988.77,No
CUST00613,Male,0,46,Yes,No,85.1,3838.88,No
CUST00614,Female,0,7,No,Fiber optic,77.45,571.64,No
CUST00615,Male,0,2,Yes,DSL,92.76,193.2,Yes
CUST00616,Female,0,5,No,Fiber optic,81.42,385.06,No
CUST00617,Female,0,42,No,DSL,73.56,3054.25,No
CUST00618,Male,0,66,No,DSL,52.52,3616.25,No
CUST00619,Female,0,5,Yes,DSL,71.83,356.57,Yes
CUST00620,Male,0,7,Yes,Fiber optic,65.91,504.15,Yes
CUST00621,Female,0,65,No,DSL,55.34,3592.09,No
CUST00622,Male,0,50,Yes,No,25.27,1332.28,No
CUST00623,Male,0,10,Yes,Fiber optic,98.43,1047.7,No
CUST00624,Female,0,67,Yes,DSL,98.28,,No
CUST00625,Female,1,68,No,No,37.05,2894.07,No
CUST00626,Male,0,6,No,Fiber optic,65.68,386.18,No
CUST00627,Female,0,62,Yes,No,47.57,2960.41,No
CUST00628,Male,0,12,No,Fiber optic,46.76,677.6,No
CUST00629,Male,0,51,Yes,No,88.18,4072.6,No
CUST00630,Female,1,70,No,DSL,88.38,6163.28,Yes
CUST00631,Male,0,52,No,Fiber optic,81.19,4363.25,Yes
CUST00632,Male,0,4,Yes,No,87.43,378.25,No
CUST00633,Male,1,6,No,DSL,71.81,479.4,No
CUST00634,Female,0,0,No,Fiber optic,71.52,,Yes
CUST00635,Female,1,11,No,DSL,75.98,853.55,Yes
CUST00636,Female,0,12,No,Fiber optic,29.56,293.37,No
CUST00637,Male,1,36,Yes,DSL,71.57,2511.41,Yes
CUST00638,Male,0,66,No,No,52.68,3423.57,No
CUST00639,Male,0,12,No,DSL,26.44,406.35,No
CUST00640,Female,0,53,No,No,84.08,4353.54,No
CUST00641,Female,0,7,Yes,Fiber optic,98.07,653.16,Yes
CUST00642,Female,0,10,Yes,Fiber optic,92.41,852.25,No
CUST00643,Female,0,66,Yes,DSL,88.31,5248.39,No
CUST00644,Female,1,4,No,DSL,67.43,309.48,No
CUST00645,Female,0,41,No,Fiber optic,62.23,2769.28,Yes
CUST00646,Female,1,64,Yes,DSL,28.48,2363.44,No
CUST00647,Male,0,21,No,No,35.01,766.38,No
CUST00648,Female,0,20,Yes,Fiber optic,41.09,831.98,No
CUST00649,Male,0,56,No,DSL,20.55,1662.4,No
CUST00650,Male,1,11,Yes,DSL,106.14,1178.96,No
CUST00651,Female,0,14,No,DSL,57.35,906.79,No
CUST00652,Female,0,26,No,Fiber optic,96.65,2631.51,No
CUST00653,Female,0,4,Yes,Fiber optic,91.77,380.4,No
CUST00654,Female,0,55,No,DSL,66.94,3951.87,No
CUST00655,Male,1,37,No,DSL,38.89,1738.73,Yes
CUST00656,Male,0,5,No,No,96.96,531.44,Yes
CUST00657,Female,1,12,Yes,DSL,33.15,393.67,Yes
CUST00658,Male,0,8,No,DSL,61.65,433.85,No
CUST00659,Female,1,56,No,DSL,35.68,1891.45,No
CUST00660,Female,0,66,Yes,Fiber optic,93.99,5822.18,No
CUST00661,Female,0,28,Yes,DSL,52.24,1318.49,No
CUST00662,Male,0,8,Yes,DSL,92.61,749.69,Yes
CUST00663,Male,0,11,No,No,107.37,1094.85,Yes
CUST00664,Female,1,4,No,Fiber optic,100.34,,Yes
CUST00665,Male,0,16,No,DSL,59.97,861.98,No
CUST00666,Male,0,54,Yes,Fiber optic,28.53,1310.79,No
CUST00667,Male,0,8,No,DSL,98.0,800.58,Yes
CUST00668,Female,0,8,No,Fiber optic,100.61,,No
CUST00669,Female,0,17,Yes,DSL,82.44,1374.6,No
CUST00670,Female,1,26,No,DSL,77.07,2224.18,No
CUST00671,Female,0,42,Yes,Fiber optic,56.89,2279.49,Yes
CUST00672,Male,0,12,No,Fiber optic,92.53,1093.02,No
CUST00673,Female,0,56,No,Fiber optic,22.66,1789.87,Yes
CUST00674,Female,0,6,No,No,86.87,581.09,Yes
CUST00675,Female,0,66,No,Fiber optic,41.74,3244.31,No
CUST00676,Female,0,11,No,Fiber optic,83.13,866.12,Yes
CUST00677,Male,0,47,No,DSL,52.99,2640.88,No
CUST00678,Female,0,5,No,DSL,69.77,,No
CUST00679,Female,0,11,No,Fiber optic,89.87,1073.11,No
CUST00680,Female,0,13,No,DSL,66.98,968.84,No
CUST00681,Female,0,20,Yes,DSL,88.73,1726.83,No
CUST00682,Female,0,3,Yes,Fiber optic,70.7,185.19,Yes
CUST00683,Female,1,9,No,Fiber optic,92.0,755.04,No
CUST00684,Female,0,36,Yes,Fiber optic,39.9,1585.22,Yes
CUST00685,Female,0,69,Yes,Fiber optic,51.92,4171.52,No
CUST00686,Male,0,16,No,No,65.81,1212.9,No
CUST00687,Female,0,2,Yes,Fiber optic,78.82,151.73,Yes
CUST00688,Male,1,11,Yes,Fiber optic,67.78,682.74,No
CUST00689,Female,0,64,Yes,DSL,78.7,4972.96,No
CUST00690,Male,0,1,Yes,No,97.87,91.19,Yes
CUST00691,Female,1,0,No,No,71.34,,Yes
CUST00692,Male,0,23,No,DSL,48.01,894.25,No
CUST00693,Female,0,3,Yes,Fiber optic,68.29,189.55,No
CUST00694,Female,0,67,No,DSL,87.46,5864.55,No
CUST00695,Male,0,1,No,Fiber optic,109.97,112.53,Yes
CUST00696,Female,0,25,Yes,No,99.55,2589.6,No
CUST00697,Female,0,0,Yes,Fiber optic,84.93,,No
CUST00698,Female,0,0,No,Fiber optic,85.53,,Yes
CUST00699,Female,0,35,No,DSL,23.9,540.17,No
CUST00700,Male,0,4,No,DSL,90.82,373.41,Yes
CUST00701,Male,0,4,Yes,DSL,96.34,404.69,Yes
CUST00702,Male,1,12,Yes,Fiber optic,80.91,1089.01,No
CUST00703,Male,0,2,Yes,DSL,85.59,161.74,No
CUST00704,Male,0,66,No,DSL,99.71,7172.76,No
CUST00705,Female,0,62,Yes,DSL,32.05,1702.31,No
CUST00706,Female,0,33,Yes,DSL,58.98,2071.94,No
CUST00707,Female,1,72,No,No,87.96,6381.39,No
CUST00708,Female,0,39,Yes,Fiber optic,69.38,2689.44,No
CUST00709,Female,0,70,Yes,Fiber optic,71.95,4434.24,No
CUST00710,Male,0,65,Yes,DSL,71.67,4818.2,No
CUST00711,Male,0,7,Yes,DSL,65.75,412.13,No
CUST00712,Male,0,4,Yes,DSL,109.43,409.3,Yes
CUST00713,Male,0,34,No,Fiber optic,99.39,3701.92,No
CUST00714,Male,1,11,Yes,Fiber optic,90.54,1030.02,Yes
CUST00715,Male,0,64,No,DSL,34.04,1923.35,No
CUST00716,Male,1,14,No,Fiber optic,47.53,688.87,No
CUST00717,Male,1,60,No,DSL,85.65,5417.91,No
CUST00718,Male,0,35,Yes,Fiber optic,27.76,666.86,Yes
CUST00719,Male,0,12,Yes,No,33.63,,No
CUST00720,Female,1,17,No,DSL,96.94,1544.63,Yes
CUST00721,Male,0,65,No,DSL,40.0,3013.45,No
CUST00722,Female,0,8,No,DSL,70.75,552.65,Yes
CUST00723,Male,0,10,Yes,DSL,74.12,700.59,Yes
CUST00724,Male,1,6,No,DSL,108.5,696.43,Yes
CUST00725,Female,0,9,No,DSL,96.84,932.96,No
CUST00726,Male,0,53,No,DSL,40.7,2481.59,No
CUST00727,Male,0,30,Yes,DSL,87.48,2633.65,No
CUST00728,Male,0,72,Yes,DSL,33.72,3047.73,No
CUST00729,Female,1,50,Yes,DSL,99.97,4656.02,No
CUST00730,Female,0,6,Yes,DSL,93.65,583.43,Yes
CUST00731,Male,0,52,No,No,43.01,2455.66,No
CUST00732,Female,0,48,Yes,DSL,69.9,3405.76,No
CUST00733,Male,0,35,Yes,DSL,42.04,1370.96,No
CUST00734,Male,0,68,Yes,Fiber optic,75.5,4773.31,Yes
CUST00735,Female,0,9,Yes,Fiber optic,94.17,,Yes
CUST00736,Male,1,64,Yes,Fiber optic,84.53,6033.08,No
CUST00737,Male,0,12,No,Fiber optic,71.39,862.63,No
CUST00738,Male,0,7,Yes,Fiber optic,76.44,465.54,No
CUST00739,Female,0,1,No,DSL,71.75,71.97,Yes
CUST00740,Male,1,37,No,Fiber optic,41.81,1344.97,Yes
CUST00741,Female,1,7,No,DSL,75.08,510.68,No
CUST00742,Female,0,67,No,DSL,87.94,6063.99,No
CUST00743,Male,0,12,No,Fiber optic,32.17,378.87,No
CUST00744,Male,0,4,Yes,DSL,79.3,322.11,Yes
CUST00745,Female,0,53,No,Fiber optic,88.08,4668.41,No
CUST00746,Female,0,8,Yes,No,108.62,869.8,Yes
CUST00747,Male,0,10,No,Fiber optic,108.53,1008.02,Yes
CUST00748,Male,0,8,Yes,DSL,86.22,691.47,No
CUST00749,Female,0,59,No,No,79.83,5076.82,No
CUST00750,Male,0,28,Yes,DSL,99.67,2555.58,No
CUST00751,Female,0,26,Yes,No,56.72,1524.57,No
CUST00752,Male,0,66,No,Fiber optic,39.04,3041.35,Yes
CUST00753,Female,1,70,No,DSL,88.22,6615.73,No
CUST00754,Male,0,72,No,Fiber optic,53.09,3334.97,No
CUST00755,Male,0,40,Yes,No,45.79,2094.11,No
CUST00756,Female,0,9,Yes,Fiber optic,95.2,836.29,Yes
CUST00757,Female,0,43,Yes,DSL,49.8,2078.94,No
CUST00758,Male,0,6,Yes,Fiber optic,74.48,445.65,Yes
CUST00759,Male,0,7,Yes,Fiber optic,82.73,,No
CUST00760,Male,1,45,No,Fiber optic,74.63,2925.08,No
CUST00761,Male,0,2,Yes,DSL,66.47,149.48,No
CUST00762,Female,1,30,Yes,No,84.93,2797.97,No
CUST00763,Female,0,10,No,Fiber optic,93.19,933.31,No
CUST00764,Female,0,29,No,DSL,49.3,1284.19,No
CUST00765,Female,1,64,Yes,DSL,66.64,4564.27,Yes
CUST00766,Female,0,7,Yes,No,79.03,587.97,No
CUST00767,Male,0,28,No,Fiber optic,84.69,2198.59,Yes
CUST00768,Female,0,41,Yes,DSL,48.24,2197.7,No
CUST00769,Female,0,69,No,DSL,63.63,4229.56,No
CUST00770,Female,0,47,Yes,Fiber optic,79.56,3651.67,No
CUST00771,Male,1,48,No,Fiber optic,36.44,1763.49,No
CUST00772,Female,0,10,No,Fiber optic,105.89,1074.36,No
CUST00773,Male,0,30,No,DSL,95.62,2902.57,No
CUST00774,Female,0,47,Yes,Fiber optic,35.47,1318.58,No
CUST00775,Female,1,36,Yes,Fiber optic,98.8,3528.56,No
CUST00776,Male,0,22,No,No,50.07,897.18,No
CUST00777,Female,0,26,No,DSL,77.56,1907.2,No
CUST00778,Female,1,62,Yes,Fiber optic,38.67,2572.7,Yes
CUST00779,Female,0,14,No,DSL,53.77,641.64,No
CUST00780,Male,0,13,No,Fiber optic,21.89,253.69,No
CUST00781,Female,0,3,No,Fiber optic,104.59,299.89,Yes
CUST00782,Male,0,61,Yes,DSL,47.08,2413.55,No
CUST00783,Male,0,10,No,Fiber optic,74.69,759.88,Yes
CUST00784,Female,0,54,No,DSL,40.26,2435.44,No
CUST00785,Female,1,60,Yes,Fiber optic,74.4,4562.48,No
CUST00786,Male,0,7,No,Fiber optic,90.37,580.68,No
CUST00787,Female,0,6,Yes,Fiber optic,107.75,699.56,No
CUST00788,Male,0,22,No,Fiber optic,58.32,1098.75,No
CUST00789,Female,0,16,Yes,Fiber optic,38.42,565.26,No
CUST00790,Female,0,3,No,Fiber optic,83.83,224.21,Yes
CUST00791,Female,0,15,No,DSL,40.26,692.3,No
CUST00792,Female,0,21,Yes,DSL,66.14,1456.28,No
CUST00793,Female,0,37,Yes,No,77.8,2947.47,No
CUST00794,Male,0,16,Yes,Fiber optic,43.19,592.15,Yes
CUST00795,Female,1,11,Yes,Fiber optic,80.65,855.26,Yes
CUST00796,Female,0,20,No,No,23.38,561.37,No
CUST00797,Male,1,9,No,DSL,90.33,893.42,Yes
CUST00798,Male,0,11,No,No,86.92,988.7,Yes
CUST00799,Female,0,4,Yes,DSL,73.85,257.38,Yes
CUST00800,Female,1,31,Yes,DSL,95.16,3066.97,Yes
CUST00801,Female,0,51,No,No,27.46,1191.82,No
CUST00802,Female,0,56,Yes,No,38.59,2423.24,No
CUST00803,Female,0,0,No,DSL,76.27,,Yes
CUST00804,Male,0,3,Yes,No,74.68,235.03,Yes
CUST00805,Male,0,7,Yes,Fiber optic,97.68,688.71,Yes
CUST00806,Male,0,11,Yes,Fiber optic,96.74,1020.5,Yes
CUST00807,Male,0,47,No,Fiber optic,21.25,592.06,Yes
CUST00808,Female,0,35,No,DSL,54.73,1640.17,No
CUST00809,Male,1,5,No,DSL,91.61,477.18,No
CUST00810,Male,0,16,Yes,DSL,26.61,512.82,No
CUST00811,Male,0,13,No,DSL,49.15,752.74,No
CUST00812,Male,0,3,Yes,No,108.68,351.68,Yes
CUST00813,Male,0,53,No,DSL,87.77,,No
CUST00814,Male,0,50,No,DSL,41.19,1931.57,No
CUST00815,Male,0,56,No,No,63.68,3355.17,No
CUST00816,Male,0,5,No,No,109.85,552.39,Yes
CUST00817,Male,0,25,No,DSL,28.93,542.13,No
CUST00818,Female,0,10,Yes,DSL,63.29,572.99,No
CUST00819,Male,0,23,No,No,66.94,,No
CUST00820,Female,0,66,No,Fiber optic,58.7,3222.99,No
CUST00821,Male,1,9,No,Fiber optic,89.04,822.79,No
CUST00822,Male,0,5,Yes,DSL,78.22,346.51,Yes
CUST00823,Female,1,1,No,Fiber optic,70.77,69.37,Yes
CUST00824,Female,0,19,Yes,Fiber optic,47.91,797.09,Yes
CUST00825,Male,0,11,Yes,No,89.52,1031.96,Yes
CUST00826,Male,1,57,No,DSL,59.13,3273.36,Yes
CUST00827,Male,0,23,No,No,97.59,2387.99,No
CUST00828,Female,0,70,Yes,Fiber optic,50.33,3774.42,No
CUST00829,Male,0,17,Yes,Fiber optic,28.63,642.95,No
CUST00830,Female,0,0,Yes,Fiber optic,95.29,,No
CUST00831,Male,0,5,No,DSL,72.48,369.75,No
CUST00832,Male,0,50,Yes,Fiber optic,29.59,1921.33,No
CUST00833,Male,0,44,Yes,DSL,34.92,1881.6,No
CUST00834,Male,1,5,No,DSL,72.29,387.31,No
CUST00835,Female,0,11,Yes,DSL,68.82,743.76,No
CUST00836,Female,0,43,No,No,75.81,3233.77,No
CUST00837,Female,0,7,Yes,Fiber optic,71.67,543.51,Yes
CUST00838,Female,0,12,No,DSL,33.69,477.89,No
CUST00839,Female,1,22,Yes,Fiber optic,71.08,1766.95,No
CUST00840,Female,1,64,No,Fiber optic,62.55,3827.11,Yes
CUST00841,Female,0,1,No,Fiber optic,103.77,94.35,Yes
CUST00842,Male,1,4,No,No,104.61,426.09,No
CUST00843,Female,0,0,Yes,DSL,108.98,,No
CUST00844,Female,0,47,Yes,DSL,87.43,3643.63,No
CUST00845,Female,1,2,No,DSL,73.35,131.89,No
CUST00846,Female,1,57,No,DSL,30.25,,No
CUST00847,Female,1,1,Yes,No,81.66,90.43,No
CUST00848,Male,0,38,Yes,DSL,64.22,2400.61,No
CUST00849,Female,0,29,Yes,DSL,48.85,1425.06,No
CUST00850,Female,1,6,No,DSL,94.75,528.36,Yes
CUST00851,Female,0,69,Yes,DSL,95.8,6332.17,No
CUST00852,Male,0,28,No,Fiber optic,90.9,2679.72,Yes
CUST00853,Male,0,5,No,No,71.3,334.21,No
CUST00854,Female,0,5,Yes,DSL,107.65,511.39,Yes
CUST00855,Female,0,37,Yes,DSL,85.33,2988.97,No
CUST00856,Male,0,26,No,DSL,87.6,2145.83,No
CUST00857,Female,0,40,No,DSL,81.33,3642.3,No
CUST00858,Female,0,42,No,DSL,49.61,1922.94,No
CUST00859,Female,0,62,No,No,44.06,2114.19,No
CUST00860,Male,0,16,Yes,DSL,33.82,503.97,No
CUST00861,Female,0,11,No,Fiber optic,68.28,811.9,No
CUST00862,Female,0,69,No,Fiber optic,58.19,4680.86,No
CUST00863,Female,0,0,No,Fiber optic,97.12,,Yes
CUST00864,Male,1,29,Yes,No,25.21,638.23,No
CUST00865,Female,0,8,No,Fiber optic,70.38,496.8,Yes
CUST00866,Female,0,3,Yes,No,94.08,299.73,Yes
CUST00867,Male,0,10,No,DSL,93.16,938.54,Yes
CUST00868,Female,0,39,No,DSL,49.4,2278.87,No
CUST00869,Female,0,21,Yes,DSL,87.67,1684.36,No
CUST00870,Male,0,45,Yes,No,31.39,1686.52,No
CUST00871,Female,0,61,No,DSL,82.48,,No
CUST00872,Male,0,30,No,No,23.91,1011.54,No
CUST00873,Male,0,62,No,Fiber optic,98.83,6352.29,Yes
CUST00874,Female,0,64,No,Fiber optic,60.26,3398.04,Yes
CUST00875,Male,0,49,Yes,No,32.85,1813.34,No
CUST00876,Female,0,1,Yes,DSL,101.63,95.87,No
CUST00877,Male,0,14,Yes,Fiber optic,72.5,1025.37,No
CUST00878,Female,0,25,No,Fiber optic,33.55,681.11,No
CUST00879,Male,1,33,No,Fiber optic,71.2,2252.43,No
CUST00880,Male,0,29,Yes,No,67.25,1802.66,No
CUST00881,Male,0,19,Yes,DSL,78.45,1418.48,No
CUST00882,Female,1,2,Yes,Fiber optic,79.67,143.03,No
CUST00883,Male,1,45,No,No,61.83,2782.15,No
CUST00884,Female,1,47,No,DSL,62.38,3398.84,No
CUST00885,Female,0,9,No,Fiber optic,65.75,624.77,No
CUST00886,Female,0,54,No,No,88.65,4301.71,No
CUST00887,Female,0,42,Yes,Fiber optic,89.13,3959.94,Yes
CUST00888,Male,0,66,Yes,DSL,63.06,4252.53,No
CUST00889,Female,0,38,No,DSL,64.46,2608.9,No
CUST00890,Female,1,60,Yes,Fiber optic,66.9,3968.72,No
CUST00891,Male,0,41,No,No,73.24,2762.65,No
CUST00892,Female,0,51,No,Fiber optic,27.86,1904.65,No
CUST00893,Male,0,46,No,Fiber optic,59.0,2697.08,No
CUST00894,Female,0,56,No,No,27.41,1568.54,No
CUST00895,Female,1,23,No,Fiber optic,56.95,1501.95,No
CUST00896,Male,0,38,Yes,Fiber optic,50.51,1948.94,No
CUST00897,Male,0,62,No,Fiber optic,45.35,2210.55,No
CUST00898,Male,1,2,No,DSL,70.61,130.73,No
CUST00899,Male,0,12,No,Fiber optic,56.52,713.33,Yes
CUST00900,Female,1,4,No,No,89.17,332.6,No
CUST00901,Female,0,19,No,Fiber optic,77.25,1624.08,No
CUST00902,Male,0,37,No,Fiber optic,52.38,1880.45,Yes
CUST00903,Male,1,29,No,DSL,84.18,2235.32,No
CUST00904,Female,1,30,Yes,Fiber optic,84.7,2485.64,Yes
CUST00905,Male,1,63,Yes,No,71.78,4906.26,No
CUST00906,Female,0,4,Yes,DSL,92.82,,Yes
CUST00907,Male,0,5,Yes,No,82.56,375.8,Yes
CUST00908,Female,0,6,Yes,DSL,72.82,,Yes
CUST00909,Male,0,59,No,No,42.14,2038.74,No
CUST00910,Female,0,2,Yes,Fiber optic,85.06,150.72,No
CUST00911,Male,0,21,No,DSL,36.52,737.02,No
CUST00912,Female,0,2,No,DSL,62.82,140.92,No
CUST00913,Male,0,0,No,Fiber optic,61.66,,No
CUST00914,Female,1,11,No,DSL,70.66,691.7,Yes
CUST00915,Female,1,10,Yes,No,60.39,559.41,No
CUST00916,Male,0,3,No,Fiber optic,68.14,,No
CUST00917,Male,0,8,Yes,Fiber optic,103.53,848.57,Yes
CUST00918,Male,0,47,Yes,No,20.27,1218.47,No
CUST00919,Male,0,64,No,Fiber optic,82.25,4847.17,No
CUST00920,Female,0,29,Yes,Fiber optic,84.2,2713.05,No
CUST00921,Male,0,6,No,No,84.04,559.06,Yes
CUST00922,Female,0,12,Yes,No,37.52,474.28,No
CUST00923,Male,0,11,Yes,Fiber optic,106.46,1119.57,Yes
CUST00924,Female,0,18,No,Fiber optic,99.97,1652.28,No
CUST00925,Female,1,7,Yes,DSL,96.56,611.58,No
CUST00926,Female,0,10,No,Fiber optic,90.73,969.29,No
CUST00927,Male,0,23,No,DSL,56.63,1457.4,No
CUST00928,Male,0,67,Yes,DSL,92.96,6044.59,No
CUST00929,Male,0,42,No,DSL,37.63,,No
CUST00930,Female,0,15,Yes,DSL,96.07,,No
CUST00931,Male,0,22,No,Fiber optic,49.48,969.23,No
CUST00932,Male,0,3,No,Fiber optic,72.39,199.03,Yes
CUST00933,Male,1,52,No,DSL,27.0,1315.79,No
CUST00934,Male,0,20,Yes,Fiber optic,88.46,1732.03,No
CUST00935,Male,1,8,Yes,No,74.06,653.47,No
CUST00936,Female,0,49,No,DSL,30.85,1416.29,No
CUST00937,Male,0,4,Yes,No,62.89,273.67,No
CUST00938,Female,0,4,Yes,Fiber optic,63.19,232.85,Yes
CUST00939,Male,1,9,Yes,Fiber optic,71.88,665.1,Yes
CUST00940,Female,1,8,Yes,Fiber optic,79.35,613.1,Yes
CUST00941,Female,0,26,No,DSL,80.67,2308.49,No
CUST00942,Female,0,30,Yes,DSL,68.29,1876.27,No
CUST00943,Female,0,5,Yes,DSL,75.18,,Yes
CUST00944,Female,0,68,Yes,Fiber optic,25.08,1688.07,No
CUST00945,Male,0,63,No,DSL,98.45,,No
CUST00946,Male,1,9,Yes,DSL,86.18,686.05,Yes
CUST00947,Male,0,0,Yes,DSL,106.93,,Yes
CUST00948,Male,0,37,Yes,DSL,50.93,1701.3,No
CUST00949,Male,1,16,No,DSL,51.29,673.72,No
CUST00950,Male,1,8,No,DSL,87.39,676.27,No
CUST00951,Male,1,44,No,DSL,49.27,1985.55,No
CUST00952,Female,1,53,No,Fiber optic,77.54,,Yes
CUST00953,Female,0,12,Yes,Fiber optic,59.09,590.81,No
CUST00954,Female,0,7,Yes,No,108.32,720.55,Yes
CUST00955,Female,0,10,No,DSL,88.42,802.88,No
CUST00956,Female,0,41,Yes,No,69.62,3006.0,No
CUST00957,Male,0,66,No,Fiber optic,60.07,3951.17,Yes
CUST00958,Female,0,31,Yes,Fiber optic,44.87,1115.05,No
CUST00959,Female,0,33,No,DSL,72.94,2697.62,No
CUST00960,Female,0,23,No,DSL,21.86,526.14,No
CUST00961,Male,1,2,No,DSL,74.07,146.07,Yes
CUST00962,Male,0,32,No,DSL,50.58,1337.86,No
CUST00963,Male,0,3,Yes,DSL,90.38,294.04,Yes
CUST00964,Male,0,62,Yes,DSL,91.46,5872.72,No
CUST00965,Female,0,33,No,No,49.01,1912.15,No
CUST00966,Female,1,62,No,DSL,93.24,5964.68,No
CUST00967,Female,1,70,No,Fiber optic,27.93,1357.19,Yes
CUST00968,Female,0,32,Yes,No,35.23,876.16,No
CUST00969,Male,1,10,No,DSL,100.86,1047.0,No
CUST00970,Male,1,38,No,Fiber optic,80.91,3103.32,No
CUST00971,Male,0,4,Yes,Fiber optic,86.25,337.75,Yes
CUST00972,Female,0,60,Yes,No,79.2,5148.95,No
CUST00973,Male,1,50,Yes,Fiber optic,96.66,5063.42,No
CUST00974,Female,1,26,No,Fiber optic,68.77,,Yes
CUST00975,Female,0,50,No,DSL,97.48,4430.04,No
CUST00976,Male,0,52,No,Fiber optic,98.2,4705.78,No
CUST00977,Female,0,2,No,Fiber optic,99.27,208.16,Yes
CUST00978,Female,0,8,No,DSL,66.42,523.55,No
CUST00979,Female,0,52,No,DSL,42.91,2391.66,No
CUST00980,Male,1,42,No,DSL,95.03,3587.33,No
CUST00981,Female,0,12,Yes,DSL,43.46,621.09,No
CUST00982,Male,0,63,Yes,DSL,23.82,1568.38,No
CUST00983,Male,0,38,No,No,63.02,2502.56,No
CUST00984,Female,1,28,Yes,No,54.26,1595.22,No
CUST00985,Female,0,9,No,Fiber optic,95.62,771.1,Yes
CUST00986,Female,0,31,No,DSL,25.49,909.8,No
CUST00987,Male,0,64,Yes,Fiber optic,55.64,2943.3,Yes
CUST00988,Female,1,51,No,Fiber optic,46.29,2002.03,Yes
CUST00989,Female,0,8,Yes,DSL,77.27,679.49,Yes
CUST00990,Female,1,60,No,No,91.61,5862.45,No
CUST00991,Female,1,16,No,Fiber optic,51.36,881.83,Yes
CUST00992,Female,0,3,Yes,Fiber optic,85.42,279.66,No
CUST00993,Female,0,33,Yes,No,32.66,,No
CUST00994,Female,0,7,Yes,DSL,107.03,704.29,No
CUST00995,Female,0,26,No,DSL,30.35,930.03,No
CUST00996,Male,1,10,Yes,DSL,62.44,545.84,No
CUST00997,Male,0,10,Yes,DSL,60.82,620.14,No
CUST00998,Male,0,61,Yes,Fiber optic,60.41,3128.56,No
CUST00999,Male,1,8,Yes,DSL,97.75,805.81,Yes
CUST01000,Male,1,31,Yes,DSL,31.67,1140.94,Yes
